"","Farm_type","Sample_type","m_Observed","sd_Observed","m_Simpson","sd_Simpson","m_Shannon","sd_Shannon"
"1","Pullet","Litter",140.333333333333,105.120248604475,0.891920999476009,0.0766636628270138,2.98611863358943,0.56706549651703
"2","Pullet","Soil",339.666666666667,167.667130549391,0.979417366487094,0.00657081204849044,4.5398775319233,0.448507886851539
"3","Breeder","Litter",243.555555555556,105.458654352205,0.896079227653997,0.0613641102737898,3.17785852450548,0.402558008794133
"4","Breeder","Soil",327.777777777778,159.433981460805,0.946612635250909,0.0412961295662883,4.06981050251349,0.419891856498843
"5","Broiler","Litter",240.125,58.4669422266406,0.919186630449789,0.0291292908511527,3.17315741908125,0.17987872323026
"6","Broiler","Soil",367.25,175.75077050566,0.961324894116454,0.0189696923540653,4.19216790640045,0.470539686625097
